2026-02-15 13:13,Polen,KEINE PROMOS
2026-02-15 13:13,Ungarn,Raleigh Durham
2026-02-15 13:13,Ungarn,Toronto
2026-02-15 13:13,Ungarn,Washington
2026-02-15 13:13,Ungarn,San Francisco
2026-02-15 13:13,Ungarn,Houston
2026-02-15 13:13,Ungarn,Detroit
2026-02-15 13:13,Ungarn,Dallas
2026-02-15 13:13,Ungarn,Phoenix
2026-02-15 13:13,Ungarn,Boston
2026-02-15 13:13,Ungarn,Seattle
2026-02-15 13:13,Ungarn,New York
2026-02-15 13:13,Tschechien,Raleigh Durham
2026-02-15 13:13,Tschechien,Washington
2026-02-15 13:13,Tschechien,San Francisco
2026-02-15 13:13,Tschechien,Houston
2026-02-15 13:13,Tschechien,Miami
2026-02-15 13:13,Tschechien,Detroit
2026-02-15 13:13,Tschechien,Dallas
2026-02-15 13:13,Tschechien,Salt Lake City
2026-02-15 13:13,Tschechien,Phoenix
2026-02-15 13:13,Tschechien,Boston
2026-02-15 13:13,Tschechien,Seattle
2026-02-15 13:13,Tschechien,New York
2026-02-15 13:13,Rumanien,Mexico City
2026-02-15 13:13,Rumanien,Raleigh Durham
2026-02-15 13:13,Rumanien,Washington
2026-02-15 13:13,Rumanien,San Francisco
2026-02-15 13:13,Rumanien,Las Vegas
2026-02-15 13:13,Rumanien,Houston
2026-02-15 13:13,Rumanien,Dallas
2026-02-15 13:13,Rumanien,Phoenix
2026-02-15 13:13,Rumanien,Boston
2026-02-15 13:13,Rumanien,Seattle
2026-02-15 13:13,Rumanien,New York
2026-02-15 13:13,Rumanien,Chicago
2026-02-15 13:13,Kroatien,Raleigh Durham
2026-02-15 13:13,Kroatien,Washington
2026-02-15 13:13,Kroatien,Houston
2026-02-15 13:13,Kroatien,Detroit
2026-02-15 13:13,Kroatien,Dallas
2026-02-15 13:13,Kroatien,Phoenix
2026-02-15 13:13,Kroatien,Boston
2026-02-15 13:13,Kroatien,Seattle
2026-02-15 13:13,Kroatien,New York
2026-02-15 13:13,Kroatien,Chicago
2026-02-15 13:13,Bulgarien,Raleigh Durham
2026-02-15 13:13,Bulgarien,Washington
2026-02-15 13:13,Bulgarien,San Francisco
2026-02-15 13:13,Bulgarien,Houston
2026-02-15 13:13,Bulgarien,Dallas
2026-02-15 13:13,Bulgarien,Phoenix
2026-02-15 13:13,Bulgarien,Boston
2026-02-15 13:13,Bulgarien,Seattle
2026-02-15 13:13,Bulgarien,New York
2026-02-15 13:13,Turkei,KEINE PROMOS
2026-02-15 13:13,Israel,KEINE PROMOS
